arquivo;estacao;nome;latitude;longitude;altitude;situacao;data_inicial;data_final;periodicidade;qtd_registros;encoding;linha_cabecalho;status
dados_A701_H_2015-01-01_2026-09-10.csv;A701;SAO PAULO - MIRANTE;-23.4962888;-46.6200666;785.64;Operante;2015-01-01;2026-09-10;Horaria;102505;utf-8;10;OK
dados_A705_H_2015-01-01_2026-09-10.csv;A705;BAURU;-22.35805555;-49.02888888;636.17;Operante;2015-01-01;2026-09-10;Horaria;102505;utf-8;10;OK
dados_A706_H_2015-01-01_2026-09-10.csv;A706;CAMPOS DO JORDAO;-22.75027777;-45.60388888;1662.95;Operante;2015-01-01;2026-09-10;Horaria;102505;utf-8;10;OK
dados_A707_H_2015-01-01_2026-09-10.csv;A707;PRESIDENTE PRUDENTE;-22.11999999;-51.40861111;431.92;Operante;2015-01-01;2026-09-10;Horaria;102505;utf-8;10;OK
dados_A708_H_2015-01-01_2026-09-10.csv;A708;FRANCA;-20.58444444;-47.38249999;1002.74;Operante;2015-01-01;2026-09-10;Horaria;102505;utf-8;10;OK
dados_A711_H_2015-01-01_2026-09-10.csv;A711;SAO CARLOS;-21.98027777;-47.88388888;859.29;Operante;2015-01-01;2026-09-10;Horaria;102505;utf-8;10;OK
dados_A712_H_2015-01-01_2026-09-10.csv;A712;IGUAPE;-24.67166666;-47.54583333;2.7;Operante;2015-01-01;2026-09-10;Horaria;102505;utf-8;10;OK
dados_A713_H_2015-01-01_2026-09-10.csv;A713;IPERO;-23.4261111;-47.58555555;609.33;Operante;2015-01-01;2026-09-10;Horaria;102505;utf-8;10;OK
dados_A714_H_2015-01-01_2026-09-10.csv;A714;ITAPEVA;-23.98194443;-48.88583333;743.33;Operante;2015-01-01;2026-09-10;Horaria;102505;utf-8;10;OK
dados_A715_H_2015-01-01_2026-09-10.csv;A715;SAO MIGUEL ARCANJO;-23.89083333;-47.99916666;710;Operante;2015-01-01;2026-09-10;Horaria;102505;utf-8;10;OK
dados_A716_H_2015-01-01_2026-09-10.csv;A716;OURINHOS;-23.00055555;-49.84333333;500;Pane;2015-01-01;2026-09-10;Horaria;102505;utf-8;10;OK
dados_A718_H_2015-01-01_2026-09-10.csv;A718;RANCHARIA;-22.37277777;-50.97472221;398.75;Operante;2015-01-01;2026-09-10;Horaria;102505;utf-8;10;OK
dados_A725_H_2015-01-01_2026-09-10.csv;A725;AVARE;-23.10166666;-48.9411111;776.36;Operante;2015-01-01;2026-09-10;Horaria;102505;utf-8;10;OK
dados_A726_H_2015-01-01_2026-09-10.csv;A726;PIRACICABA;-22.70305555;-47.62333332;566.46;Operante;2015-01-01;2026-09-10;Horaria;102505;utf-8;10;OK
dados_A727_H_2015-01-01_2026-09-10.csv;A727;LINS;-21.66611111;-49.73472221;460.65;Operante;2015-01-01;2026-09-10;Horaria;102505;utf-8;10;OK
dados_A728_H_2015-01-01_2026-09-10.csv;A728;TAUBATE;-23.04166666;-45.52083332;582.26;Operante;2015-01-01;2026-09-10;Horaria;102505;utf-8;10;OK
dados_A729_H_2015-01-01_2022-09-29.csv;A729;VOTUPORANGA;-20.40333333;-49.96611111;510.37;Desativada;2015-01-01;2022-09-29;Horaria;67897;utf-8;10;OK
dados_A733_H_2015-01-01_2026-09-10.csv;A733;JALES;-20.165;-50.59499999;460.44;Operante;2015-01-01;2026-09-10;Horaria;102505;utf-8;10;OK
dados_A734_H_2015-01-01_2026-09-10.csv;A734;VALPARAISO;-21.31916666;-50.93027777;381.9;Operante;2015-01-01;2026-09-10;Horaria;102505;utf-8;10;OK
dados_A735_H_2015-01-01_2026-09-10.csv;A735;JOSE BONIFACIO;-21.08555555;-49.92027777;408.35;Operante;2015-01-01;2026-09-10;Horaria;102505;utf-8;10;OK
dados_A736_H_2015-01-01_2026-09-10.csv;A736;ARIRANHA;-21.13305554;-48.84055555;525.44;Operante;2015-01-01;2026-09-10;Horaria;102505;utf-8;10;OK
dados_A737_H_2015-01-01_2026-09-10.csv;A737;IBITINGA;-21.85555555;-48.79972221;496.75;Operante;2015-01-01;2026-09-10;Horaria;102505;utf-8;10;OK
dados_A738_H_2015-01-01_2026-09-10.csv;A738;CASA BRANCA;-21.78055554;-47.07527777;734.15;Operante;2015-01-01;2026-09-10;Horaria;102505;utf-8;10;OK
dados_A739_H_2015-01-01_2026-09-10.csv;A739;ITAPIRA;-22.415;-46.80527777;634.89;Operante;2015-01-01;2026-09-10;Horaria;102505;utf-8;10;OK
dados_A740_H_2015-01-01_2026-09-10.csv;A740;SAO LUIZ DO PARAITINGA;-23.22833332;-45.41694443;874;Operante;2015-01-01;2026-09-10;Horaria;102505;utf-8;10;OK
dados_A741_H_2015-01-01_2026-09-10.csv;A741;BARRA BONITA;-22.4711111;-48.5575;533.68;Operante;2015-01-01;2026-09-10;Horaria;102505;utf-8;10;OK
dados_A744_H_2017-12-19_2026-09-10.csv;A744;BRAGANCA PAULISTA;-22.94916666;-46.5261111;891;Operante;2017-12-19;2026-09-10;Horaria;76513;utf-8;10;OK
dados_A745_H_2015-01-01_2017-05-17.csv;A745;MOELA;-24.047845;-46.26334;32.47;Desativada;2015-01-01;2017-05-17;Horaria;20833;utf-8;10;OK
dados_A746_H_2015-01-01_2026-09-10.csv;A746;BARRA DO TURVO;-24.96277777;-48.41638888;659.89;Operante;2015-01-01;2026-09-10;Horaria;102505;utf-8;10;OK
dados_A747_H_2015-01-01_2026-09-10.csv;A747;PRADOPOLIS;-21.33833333;-48.11388888;544;Operante;2015-01-01;2026-09-10;Horaria;102505;utf-8;10;OK
dados_A748_H_2015-01-01_2026-09-10.csv;A748;BARRETOS;-20.55916666;-48.54499999;534.36;Operante;2015-01-01;2026-09-10;Horaria;102505;utf-8;10;OK
dados_A753_H_2015-01-01_2026-09-10.csv;A753;ITUVERAVA;-20.35972222;-47.77527777;610.58;Operante;2015-01-01;2026-09-10;Horaria;102505;utf-8;10;OK
dados_A755_H_2015-01-01_2026-09-10.csv;A755;BARUERI;-23.52388888;-46.86944443;776.5;Operante;2015-01-01;2026-09-10;Horaria;102505;utf-8;10;OK
dados_A762_H_2016-11-02_2026-09-10.csv;A762;DRACENA;-21.45777777;-51.55222222;383;Pane;2016-11-02;2026-09-10;Horaria;86401;utf-8;10;OK
dados_A763_H_2017-05-14_2026-09-10.csv;A763;MARILIA;-22.23527777;-49.965;660;Operante;2017-05-14;2026-09-10;Horaria;81769;utf-8;10;OK
dados_A764_H_2016-10-26_2026-09-10.csv;A764;BEBEDOURO;-20.94805555;-48.47138888;542;Operante;2016-10-26;2026-09-10;Horaria;86569;utf-8;10;OK
dados_A765_H_2017-01-31_2026-09-10.csv;A765;BERTIOGA;-23.84472221;-46.14333333;5;Operante;2017-01-31;2026-09-10;Horaria;84241;utf-8;10;OK
dados_A766_H_2017-02-08_2026-09-10.csv;A766;REGISTRO;-24.53305554;-47.86416666;35;Operante;2017-02-08;2026-09-10;Horaria;84049;utf-8;10;OK
dados_A767_H_2017-10-24_2022-03-15.csv;A767;SAO SEBASTIAO;-23.81083333;-45.4025;24;Desativada;2017-10-24;2022-03-15;Horaria;38497;utf-8;10;OK
dados_A768_H_2017-05-11_2026-09-10.csv;A768;TUPA;-21.92722221;-50.49027777;498;Operante;2017-05-11;2026-09-10;Horaria;81841;utf-8;10;OK
dados_A769_H_2017-10-19_2026-09-10.csv;A769;CACHOEIRA PAULISTA;-22.68888888;-45.00555555;586;Operante;2017-10-19;2026-09-10;Horaria;77977;utf-8;10;OK
dados_A770_H_2019-07-02_2026-09-10.csv;A770;SAO SIMAO;-21.46111111;-47.57944443;620;Operante;2019-07-02;2026-09-10;Horaria;63073;utf-8;10;OK
dados_A771_H_2018-03-13_2026-09-10.csv;A771;SAO PAULO - INTERLAGOS;-23.72444443;-46.67749999;771;Operante;2018-03-13;2026-09-10;Horaria;74497;utf-8;10;OK
