segmento_id,rodovia,score_risco,nivel_risco,hora_referencia,horizonte_horas
SP330_SEG067,SP-330,0.45390964,MUITO ELEVADO,2025-05-25 14:00:00,4
SP330_SEG068,SP-330,0.45390964,MUITO ELEVADO,2025-05-25 14:00:00,4
SP330_SEG087,SP-330,0.45007926,MUITO ELEVADO,2025-05-25 14:00:00,4
SP330_SEG088,SP-330,0.45007926,MUITO ELEVADO,2025-05-25 14:00:00,4
SP330_SEG079,SP-330,0.45007926,MUITO ELEVADO,2025-05-25 14:00:00,4
SP330_SEG080,SP-330,0.45007926,MUITO ELEVADO,2025-05-25 14:00:00,4
SP330_SEG081,SP-330,0.45007926,MUITO ELEVADO,2025-05-25 14:00:00,4
SP330_SEG082,SP-330,0.45007926,MUITO ELEVADO,2025-05-25 14:00:00,4
SP330_SEG086,SP-330,0.45007926,MUITO ELEVADO,2025-05-25 14:00:00,4
SP330_SEG085,SP-330,0.45007926,MUITO ELEVADO,2025-05-25 14:00:00,4
SP330_SEG076,SP-330,0.45007926,MUITO ELEVADO,2025-05-25 14:00:00,4
SP330_SEG075,SP-330,0.45007926,MUITO ELEVADO,2025-05-25 14:00:00,4
SP330_SEG074,SP-330,0.45007926,MUITO ELEVADO,2025-05-25 14:00:00,4
SP330_SEG073,SP-330,0.45007926,MUITO ELEVADO,2025-05-25 14:00:00,4
SP330_SEG072,SP-330,0.45007926,MUITO ELEVADO,2025-05-25 14:00:00,4
SP330_SEG071,SP-330,0.45007926,MUITO ELEVADO,2025-05-25 14:00:00,4
SP330_SEG078,SP-330,0.45007926,MUITO ELEVADO,2025-05-25 14:00:00,4
SP330_SEG077,SP-330,0.45007926,MUITO ELEVADO,2025-05-25 14:00:00,4
SP330_SEG070,SP-330,0.45007926,MUITO ELEVADO,2025-05-25 14:00:00,4
SP330_SEG069,SP-330,0.45007926,MUITO ELEVADO,2025-05-25 14:00:00,4
SP330_SEG083,SP-330,0.45007926,MUITO ELEVADO,2025-05-25 14:00:00,4
SP330_SEG084,SP-330,0.45007926,MUITO ELEVADO,2025-05-25 14:00:00,4
SP300_SEG083,SP-300,0.44674003,MUITO ELEVADO,2025-05-25 14:00:00,4
SP300_SEG084,SP-300,0.44674003,MUITO ELEVADO,2025-05-25 14:00:00,4
SP300_SEG082,SP-300,0.44674003,MUITO ELEVADO,2025-05-25 14:00:00,4
SP300_SEG081,SP-300,0.44674003,MUITO ELEVADO,2025-05-25 14:00:00,4
SP300_SEG086,SP-300,0.44674003,MUITO ELEVADO,2025-05-25 14:00:00,4
SP300_SEG085,SP-300,0.44674003,MUITO ELEVADO,2025-05-25 14:00:00,4
SP300_SEG080,SP-300,0.44674003,MUITO ELEVADO,2025-05-25 14:00:00,4
SP300_SEG079,SP-300,0.44674003,MUITO ELEVADO,2025-05-25 14:00:00,4
SP300_SEG073,SP-300,0.44610298,MUITO ELEVADO,2025-05-25 14:00:00,4
SP300_SEG074,SP-300,0.44610298,MUITO ELEVADO,2025-05-25 14:00:00,4
SP300_SEG069,SP-300,0.44610298,MUITO ELEVADO,2025-05-25 14:00:00,4
SP300_SEG070,SP-300,0.44610298,MUITO ELEVADO,2025-05-25 14:00:00,4
SP300_SEG075,SP-300,0.44610298,MUITO ELEVADO,2025-05-25 14:00:00,4
SP300_SEG078,SP-300,0.44610298,MUITO ELEVADO,2025-05-25 14:00:00,4
SP300_SEG077,SP-300,0.44610298,MUITO ELEVADO,2025-05-25 14:00:00,4
SP300_SEG076,SP-300,0.44610298,MUITO ELEVADO,2025-05-25 14:00:00,4
SP300_SEG072,SP-300,0.44610298,MUITO ELEVADO,2025-05-25 14:00:00,4
SP300_SEG071,SP-300,0.44610298,MUITO ELEVADO,2025-05-25 14:00:00,4
SP300_SEG067,SP-300,0.44589227,MUITO ELEVADO,2025-05-25 14:00:00,4
SP300_SEG068,SP-300,0.44589227,MUITO ELEVADO,2025-05-25 14:00:00,4
SP300_SEG108,SP-300,0.4448442,MUITO ELEVADO,2025-05-25 14:00:00,4
SP300_SEG107,SP-300,0.4448442,MUITO ELEVADO,2025-05-25 14:00:00,4
SP300_SEG106,SP-300,0.4448442,MUITO ELEVADO,2025-05-25 14:00:00,4
SP300_SEG105,SP-300,0.4448442,MUITO ELEVADO,2025-05-25 14:00:00,4
SP300_SEG096,SP-300,0.4448442,MUITO ELEVADO,2025-05-25 14:00:00,4
SP300_SEG095,SP-300,0.4448442,MUITO ELEVADO,2025-05-25 14:00:00,4
SP300_SEG112,SP-300,0.4448442,MUITO ELEVADO,2025-05-25 14:00:00,4
SP300_SEG110,SP-300,0.4448442,MUITO ELEVADO,2025-05-25 14:00:00,4
SP300_SEG113,SP-300,0.4448442,MUITO ELEVADO,2025-05-25 14:00:00,4
SP300_SEG103,SP-300,0.4448442,MUITO ELEVADO,2025-05-25 14:00:00,4
SP300_SEG102,SP-300,0.4448442,MUITO ELEVADO,2025-05-25 14:00:00,4
SP300_SEG109,SP-300,0.4448442,MUITO ELEVADO,2025-05-25 14:00:00,4
SP300_SEG115,SP-300,0.4448442,MUITO ELEVADO,2025-05-25 14:00:00,4
SP300_SEG114,SP-300,0.4448442,MUITO ELEVADO,2025-05-25 14:00:00,4
SP300_SEG116,SP-300,0.4448442,MUITO ELEVADO,2025-05-25 14:00:00,4
SP300_SEG111,SP-300,0.4448442,MUITO ELEVADO,2025-05-25 14:00:00,4
SP300_SEG104,SP-300,0.4448442,MUITO ELEVADO,2025-05-25 14:00:00,4
SP300_SEG098,SP-300,0.4448442,MUITO ELEVADO,2025-05-25 14:00:00,4
SP300_SEG099,SP-300,0.4448442,MUITO ELEVADO,2025-05-25 14:00:00,4
SP300_SEG100,SP-300,0.4448442,MUITO ELEVADO,2025-05-25 14:00:00,4
SP300_SEG097,SP-300,0.4448442,MUITO ELEVADO,2025-05-25 14:00:00,4
SP300_SEG101,SP-300,0.4448442,MUITO ELEVADO,2025-05-25 14:00:00,4
SP300_SEG094,SP-300,0.4448442,MUITO ELEVADO,2025-05-25 14:00:00,4
SP300_SEG122,SP-300,0.44388664,MUITO ELEVADO,2025-05-25 14:00:00,4
SP300_SEG117,SP-300,0.44388664,MUITO ELEVADO,2025-05-25 14:00:00,4
SP300_SEG120,SP-300,0.44388664,MUITO ELEVADO,2025-05-25 14:00:00,4
SP300_SEG118,SP-300,0.44388664,MUITO ELEVADO,2025-05-25 14:00:00,4
SP300_SEG121,SP-300,0.44388664,MUITO ELEVADO,2025-05-25 14:00:00,4
SP300_SEG119,SP-300,0.44388664,MUITO ELEVADO,2025-05-25 14:00:00,4
SP330_SEG047,SP-330,0.43745062,MUITO ELEVADO,2025-05-25 14:00:00,4
SP330_SEG045,SP-330,0.43745062,MUITO ELEVADO,2025-05-25 14:00:00,4
SP330_SEG049,SP-330,0.43745062,MUITO ELEVADO,2025-05-25 14:00:00,4
SP330_SEG052,SP-330,0.43745062,MUITO ELEVADO,2025-05-25 14:00:00,4
SP330_SEG051,SP-330,0.43745062,MUITO ELEVADO,2025-05-25 14:00:00,4
SP330_SEG050,SP-330,0.43745062,MUITO ELEVADO,2025-05-25 14:00:00,4
SP330_SEG061,SP-330,0.43745062,MUITO ELEVADO,2025-05-25 14:00:00,4
SP330_SEG048,SP-330,0.43745062,MUITO ELEVADO,2025-05-25 14:00:00,4
SP330_SEG058,SP-330,0.43745062,MUITO ELEVADO,2025-05-25 14:00:00,4
SP330_SEG046,SP-330,0.43745062,MUITO ELEVADO,2025-05-25 14:00:00,4
SP330_SEG060,SP-330,0.43745062,MUITO ELEVADO,2025-05-25 14:00:00,4
SP330_SEG056,SP-330,0.43745062,MUITO ELEVADO,2025-05-25 14:00:00,4
SP330_SEG055,SP-330,0.43745062,MUITO ELEVADO,2025-05-25 14:00:00,4
SP330_SEG054,SP-330,0.43745062,MUITO ELEVADO,2025-05-25 14:00:00,4
SP330_SEG053,SP-330,0.43745062,MUITO ELEVADO,2025-05-25 14:00:00,4
SP330_SEG057,SP-330,0.43745062,MUITO ELEVADO,2025-05-25 14:00:00,4
SP330_SEG062,SP-330,0.43745062,MUITO ELEVADO,2025-05-25 14:00:00,4
SP330_SEG059,SP-330,0.43745062,MUITO ELEVADO,2025-05-25 14:00:00,4
SP330_SEG044,SP-330,0.43074092,MUITO ELEVADO,2025-05-25 14:00:00,4
SP330_SEG036,SP-330,0.43074092,MUITO ELEVADO,2025-05-25 14:00:00,4
SP330_SEG038,SP-330,0.43074092,MUITO ELEVADO,2025-05-25 14:00:00,4
SP330_SEG041,SP-330,0.43074092,MUITO ELEVADO,2025-05-25 14:00:00,4
SP330_SEG043,SP-330,0.43074092,MUITO ELEVADO,2025-05-25 14:00:00,4
SP330_SEG042,SP-330,0.43074092,MUITO ELEVADO,2025-05-25 14:00:00,4
SP330_SEG065,SP-330,0.42869255,MUITO ELEVADO,2025-05-25 14:00:00,4
SP330_SEG063,SP-330,0.42869255,MUITO ELEVADO,2025-05-25 14:00:00,4
SP330_SEG066,SP-330,0.42869255,MUITO ELEVADO,2025-05-25 14:00:00,4
SP330_SEG064,SP-330,0.42869255,MUITO ELEVADO,2025-05-25 14:00:00,4
SP348_SEG018,SP-348,0.42581323,MUITO ELEVADO,2025-05-25 14:00:00,4
SP330_SEG018,SP-330,0.42581323,MUITO ELEVADO,2025-05-25 14:00:00,4
SP348_SEG017,SP-348,0.42581323,MUITO ELEVADO,2025-05-25 14:00:00,4
SP300_SEG091,SP-300,0.4257709,MUITO ELEVADO,2025-05-25 14:00:00,4
SP300_SEG090,SP-300,0.4257709,MUITO ELEVADO,2025-05-25 14:00:00,4
SP300_SEG092,SP-300,0.4257709,MUITO ELEVADO,2025-05-25 14:00:00,4
SP300_SEG088,SP-300,0.4257709,MUITO ELEVADO,2025-05-25 14:00:00,4
SP300_SEG093,SP-300,0.4257709,MUITO ELEVADO,2025-05-25 14:00:00,4
SP300_SEG089,SP-300,0.4257709,MUITO ELEVADO,2025-05-25 14:00:00,4
SP300_SEG087,SP-300,0.4257709,MUITO ELEVADO,2025-05-25 14:00:00,4
SP348_SEG029,SP-348,0.425748,MUITO ELEVADO,2025-05-25 14:00:00,4
SP348_SEG030,SP-348,0.425748,MUITO ELEVADO,2025-05-25 14:00:00,4
SP348_SEG031,SP-348,0.425748,MUITO ELEVADO,2025-05-25 14:00:00,4
SP348_SEG032,SP-348,0.425748,MUITO ELEVADO,2025-05-25 14:00:00,4
SP348_SEG033,SP-348,0.425748,MUITO ELEVADO,2025-05-25 14:00:00,4
SP348_SEG028,SP-348,0.425748,MUITO ELEVADO,2025-05-25 14:00:00,4
SP330_SEG021,SP-330,0.425748,MUITO ELEVADO,2025-05-25 14:00:00,4
SP330_SEG027,SP-330,0.425748,MUITO ELEVADO,2025-05-25 14:00:00,4
SP330_SEG028,SP-330,0.425748,MUITO ELEVADO,2025-05-25 14:00:00,4
SP330_SEG033,SP-330,0.425748,MUITO ELEVADO,2025-05-25 14:00:00,4
SP330_SEG029,SP-330,0.425748,MUITO ELEVADO,2025-05-25 14:00:00,4
SP330_SEG031,SP-330,0.425748,MUITO ELEVADO,2025-05-25 14:00:00,4
SP330_SEG032,SP-330,0.425748,MUITO ELEVADO,2025-05-25 14:00:00,4
SP348_SEG025,SP-348,0.425748,MUITO ELEVADO,2025-05-25 14:00:00,4
SP348_SEG026,SP-348,0.425748,MUITO ELEVADO,2025-05-25 14:00:00,4
SP348_SEG024,SP-348,0.425748,MUITO ELEVADO,2025-05-25 14:00:00,4
SP348_SEG023,SP-348,0.425748,MUITO ELEVADO,2025-05-25 14:00:00,4
SP348_SEG021,SP-348,0.425748,MUITO ELEVADO,2025-05-25 14:00:00,4
SP330_SEG030,SP-330,0.425748,MUITO ELEVADO,2025-05-25 14:00:00,4
SP330_SEG020,SP-330,0.425748,MUITO ELEVADO,2025-05-25 14:00:00,4
SP330_SEG019,SP-330,0.425748,MUITO ELEVADO,2025-05-25 14:00:00,4
SP330_SEG024,SP-330,0.425748,MUITO ELEVADO,2025-05-25 14:00:00,4
SP330_SEG023,SP-330,0.425748,MUITO ELEVADO,2025-05-25 14:00:00,4
SP330_SEG026,SP-330,0.425748,MUITO ELEVADO,2025-05-25 14:00:00,4
SP330_SEG025,SP-330,0.425748,MUITO ELEVADO,2025-05-25 14:00:00,4
SP330_SEG022,SP-330,0.425748,MUITO ELEVADO,2025-05-25 14:00:00,4
SP300_SEG024,SP-300,0.425748,MUITO ELEVADO,2025-05-25 14:00:00,4
SP300_SEG023,SP-300,0.425748,MUITO ELEVADO,2025-05-25 14:00:00,4
SP348_SEG027,SP-348,0.425748,MUITO ELEVADO,2025-05-25 14:00:00,4
SP348_SEG019,SP-348,0.425748,MUITO ELEVADO,2025-05-25 14:00:00,4
SP348_SEG022,SP-348,0.425748,MUITO ELEVADO,2025-05-25 14:00:00,4
SP348_SEG020,SP-348,0.425748,MUITO ELEVADO,2025-05-25 14:00:00,4
SP300_SEG030,SP-300,0.42566103,MUITO ELEVADO,2025-05-25 14:00:00,4
SP300_SEG029,SP-300,0.42566103,MUITO ELEVADO,2025-05-25 14:00:00,4
SP300_SEG031,SP-300,0.42566103,MUITO ELEVADO,2025-05-25 14:00:00,4
SP300_SEG032,SP-300,0.42566103,MUITO ELEVADO,2025-05-25 14:00:00,4
SP300_SEG025,SP-300,0.42566103,MUITO ELEVADO,2025-05-25 14:00:00,4
SP300_SEG027,SP-300,0.42566103,MUITO ELEVADO,2025-05-25 14:00:00,4
SP300_SEG028,SP-300,0.42566103,MUITO ELEVADO,2025-05-25 14:00:00,4
SP300_SEG026,SP-300,0.42566103,MUITO ELEVADO,2025-05-25 14:00:00,4
SP330_SEG034,SP-330,0.42517003,MUITO ELEVADO,2025-05-25 14:00:00,4
SP330_SEG035,SP-330,0.42517003,MUITO ELEVADO,2025-05-25 14:00:00,4
SP330_SEG039,SP-330,0.42303833,MUITO ELEVADO,2025-05-25 14:00:00,4
SP330_SEG037,SP-330,0.42303833,MUITO ELEVADO,2025-05-25 14:00:00,4
SP330_SEG040,SP-330,0.42303833,MUITO ELEVADO,2025-05-25 14:00:00,4
SP300_SEG016,SP-300,0.4204689,MUITO ELEVADO,2025-05-25 14:00:00,4
SP300_SEG015,SP-300,0.4204689,MUITO ELEVADO,2025-05-25 14:00:00,4
SP300_SEG017,SP-300,0.4204689,MUITO ELEVADO,2025-05-25 14:00:00,4
SP300_SEG014,SP-300,0.4204689,MUITO ELEVADO,2025-05-25 14:00:00,4
SP280_SEG019,SP-280,0.4204689,MUITO ELEVADO,2025-05-25 14:00:00,4
SP300_SEG013,SP-300,0.4204689,MUITO ELEVADO,2025-05-25 14:00:00,4
SP300_SEG019,SP-300,0.42039585,MUITO ELEVADO,2025-05-25 14:00:00,4
SP280_SEG021,SP-280,0.42039585,MUITO ELEVADO,2025-05-25 14:00:00,4
SP300_SEG021,SP-300,0.42039585,MUITO ELEVADO,2025-05-25 14:00:00,4
SP300_SEG022,SP-300,0.42039585,MUITO ELEVADO,2025-05-25 14:00:00,4
SP300_SEG020,SP-300,0.42039585,MUITO ELEVADO,2025-05-25 14:00:00,4
SP300_SEG018,SP-300,0.42039585,MUITO ELEVADO,2025-05-25 14:00:00,4
SP280_SEG023,SP-280,0.42039585,MUITO ELEVADO,2025-05-25 14:00:00,4
SP280_SEG022,SP-280,0.42039585,MUITO ELEVADO,2025-05-25 14:00:00,4
SP280_SEG025,SP-280,0.42039585,MUITO ELEVADO,2025-05-25 14:00:00,4
SP280_SEG028,SP-280,0.42039585,MUITO ELEVADO,2025-05-25 14:00:00,4
SP280_SEG020,SP-280,0.42039585,MUITO ELEVADO,2025-05-25 14:00:00,4
SP280_SEG024,SP-280,0.42039585,MUITO ELEVADO,2025-05-25 14:00:00,4
SP280_SEG027,SP-280,0.42039585,MUITO ELEVADO,2025-05-25 14:00:00,4
SP280_SEG026,SP-280,0.42039585,MUITO ELEVADO,2025-05-25 14:00:00,4
SP300_SEG066,SP-300,0.41914862,MUITO ELEVADO,2025-05-25 14:00:00,4
SP300_SEG065,SP-300,0.41914862,MUITO ELEVADO,2025-05-25 14:00:00,4
SP300_SEG064,SP-300,0.41511837,MUITO ELEVADO,2025-05-25 14:00:00,4
SP300_SEG063,SP-300,0.41511837,MUITO ELEVADO,2025-05-25 14:00:00,4
SP300_SEG051,SP-300,0.41292277,MUITO ELEVADO,2025-05-25 14:00:00,4
SP300_SEG050,SP-300,0.41292277,MUITO ELEVADO,2025-05-25 14:00:00,4
SP300_SEG054,SP-300,0.41292277,MUITO ELEVADO,2025-05-25 14:00:00,4
SP300_SEG055,SP-300,0.41292277,MUITO ELEVADO,2025-05-25 14:00:00,4
SP300_SEG056,SP-300,0.41292277,MUITO ELEVADO,2025-05-25 14:00:00,4
SP300_SEG057,SP-300,0.41292277,MUITO ELEVADO,2025-05-25 14:00:00,4
SP300_SEG053,SP-300,0.41292277,MUITO ELEVADO,2025-05-25 14:00:00,4
SP300_SEG052,SP-300,0.41292277,MUITO ELEVADO,2025-05-25 14:00:00,4
SP300_SEG060,SP-300,0.4118516,MUITO ELEVADO,2025-05-25 14:00:00,4
SP300_SEG062,SP-300,0.4118516,MUITO ELEVADO,2025-05-25 14:00:00,4
SP300_SEG058,SP-300,0.4118516,MUITO ELEVADO,2025-05-25 14:00:00,4
SP300_SEG059,SP-300,0.4118516,MUITO ELEVADO,2025-05-25 14:00:00,4
SP300_SEG061,SP-300,0.4118516,MUITO ELEVADO,2025-05-25 14:00:00,4
SP300_SEG034,SP-300,0.4066665,MUITO ELEVADO,2025-05-25 14:00:00,4
SP300_SEG037,SP-300,0.4066665,MUITO ELEVADO,2025-05-25 14:00:00,4
SP300_SEG038,SP-300,0.4066665,MUITO ELEVADO,2025-05-25 14:00:00,4
SP300_SEG035,SP-300,0.4066665,MUITO ELEVADO,2025-05-25 14:00:00,4
SP300_SEG046,SP-300,0.4066665,MUITO ELEVADO,2025-05-25 14:00:00,4
SP300_SEG040,SP-300,0.4066665,MUITO ELEVADO,2025-05-25 14:00:00,4
SP300_SEG036,SP-300,0.4066665,MUITO ELEVADO,2025-05-25 14:00:00,4
SP300_SEG039,SP-300,0.4066665,MUITO ELEVADO,2025-05-25 14:00:00,4
SP300_SEG041,SP-300,0.4066665,MUITO ELEVADO,2025-05-25 14:00:00,4
SP300_SEG048,SP-300,0.4066665,MUITO ELEVADO,2025-05-25 14:00:00,4
SP300_SEG047,SP-300,0.4066665,MUITO ELEVADO,2025-05-25 14:00:00,4
SP300_SEG049,SP-300,0.4066665,MUITO ELEVADO,2025-05-25 14:00:00,4
SP300_SEG033,SP-300,0.4066665,MUITO ELEVADO,2025-05-25 14:00:00,4
SP300_SEG044,SP-300,0.4066665,MUITO ELEVADO,2025-05-25 14:00:00,4
SP300_SEG042,SP-300,0.4066665,MUITO ELEVADO,2025-05-25 14:00:00,4
SP300_SEG043,SP-300,0.4066665,MUITO ELEVADO,2025-05-25 14:00:00,4
SP300_SEG045,SP-300,0.4066665,MUITO ELEVADO,2025-05-25 14:00:00,4
SP280_SEG060,SP-280,0.40276986,MUITO ELEVADO,2025-05-25 14:00:00,4
SP280_SEG061,SP-280,0.40276986,MUITO ELEVADO,2025-05-25 14:00:00,4
SP280_SEG062,SP-280,0.40276986,MUITO ELEVADO,2025-05-25 14:00:00,4
SP300_SEG011,SP-300,0.38280347,ELEVADO,2025-05-25 14:00:00,4
SP280_SEG018,SP-280,0.38280347,ELEVADO,2025-05-25 14:00:00,4
SP280_SEG016,SP-280,0.38280347,ELEVADO,2025-05-25 14:00:00,4
SP280_SEG017,SP-280,0.38280347,ELEVADO,2025-05-25 14:00:00,4
SP300_SEG012,SP-300,0.38280347,ELEVADO,2025-05-25 14:00:00,4
SP300_SEG010,SP-300,0.38280347,ELEVADO,2025-05-25 14:00:00,4
SP330_SEG017,SP-330,0.376153,ELEVADO,2025-05-25 14:00:00,4
SP330_SEG015,SP-330,0.376153,ELEVADO,2025-05-25 14:00:00,4
SP330_SEG013,SP-330,0.376153,ELEVADO,2025-05-25 14:00:00,4
SP348_SEG015,SP-348,0.376153,ELEVADO,2025-05-25 14:00:00,4
SP330_SEG016,SP-330,0.376153,ELEVADO,2025-05-25 14:00:00,4
SP330_SEG014,SP-330,0.376153,ELEVADO,2025-05-25 14:00:00,4
SP348_SEG016,SP-348,0.376153,ELEVADO,2025-05-25 14:00:00,4
SP348_SEG014,SP-348,0.35905832,ELEVADO,2025-05-25 14:00:00,4
SP348_SEG013,SP-348,0.35905832,ELEVADO,2025-05-25 14:00:00,4
SP348_SEG012,SP-348,0.35905832,ELEVADO,2025-05-25 14:00:00,4
SP348_SEG011,SP-348,0.35905832,ELEVADO,2025-05-25 14:00:00,4
SP330_SEG011,SP-330,0.35905832,ELEVADO,2025-05-25 14:00:00,4
SP330_SEG012,SP-330,0.35905832,ELEVADO,2025-05-25 14:00:00,4
SP280_SEG029,SP-280,0.3507879,ELEVADO,2025-05-25 14:00:00,4
SP280_SEG031,SP-280,0.3507879,ELEVADO,2025-05-25 14:00:00,4
SP280_SEG030,SP-280,0.3507879,ELEVADO,2025-05-25 14:00:00,4
SP280_SEG032,SP-280,0.3507879,ELEVADO,2025-05-25 14:00:00,4
SP280_SEG033,SP-280,0.30379313,ELEVADO,2025-05-25 14:00:00,4
SP021_SEG007,SP-021,0.2741762,ELEVADO,2025-05-25 14:00:00,4
SP021_SEG006,SP-021,0.2741762,ELEVADO,2025-05-25 14:00:00,4
SP280_SEG036,SP-280,0.26932934,ELEVADO,2025-05-25 14:00:00,4
SP280_SEG037,SP-280,0.26932934,ELEVADO,2025-05-25 14:00:00,4
SP280_SEG041,SP-280,0.2693293,ELEVADO,2025-05-25 14:00:00,4
SP280_SEG049,SP-280,0.2693293,ELEVADO,2025-05-25 14:00:00,4
SP280_SEG039,SP-280,0.2693293,ELEVADO,2025-05-25 14:00:00,4
SP280_SEG040,SP-280,0.2693293,ELEVADO,2025-05-25 14:00:00,4
SP280_SEG045,SP-280,0.2693293,ELEVADO,2025-05-25 14:00:00,4
SP280_SEG038,SP-280,0.2693293,ELEVADO,2025-05-25 14:00:00,4
SP280_SEG035,SP-280,0.2693293,ELEVADO,2025-05-25 14:00:00,4
SP280_SEG050,SP-280,0.2693293,ELEVADO,2025-05-25 14:00:00,4
SP280_SEG054,SP-280,0.2693293,ELEVADO,2025-05-25 14:00:00,4
SP280_SEG058,SP-280,0.2693293,ELEVADO,2025-05-25 14:00:00,4
SP280_SEG044,SP-280,0.2693293,ELEVADO,2025-05-25 14:00:00,4
SP280_SEG051,SP-280,0.2693293,ELEVADO,2025-05-25 14:00:00,4
SP280_SEG034,SP-280,0.2693293,ELEVADO,2025-05-25 14:00:00,4
SP280_SEG042,SP-280,0.2693293,ELEVADO,2025-05-25 14:00:00,4
SP280_SEG043,SP-280,0.2693293,ELEVADO,2025-05-25 14:00:00,4
SP280_SEG055,SP-280,0.2693293,ELEVADO,2025-05-25 14:00:00,4
SP280_SEG053,SP-280,0.2693293,ELEVADO,2025-05-25 14:00:00,4
SP280_SEG056,SP-280,0.2693293,ELEVADO,2025-05-25 14:00:00,4
SP280_SEG057,SP-280,0.2693293,ELEVADO,2025-05-25 14:00:00,4
SP280_SEG059,SP-280,0.2693293,ELEVADO,2025-05-25 14:00:00,4
SP280_SEG052,SP-280,0.2693293,ELEVADO,2025-05-25 14:00:00,4
SP280_SEG046,SP-280,0.2693293,ELEVADO,2025-05-25 14:00:00,4
SP280_SEG047,SP-280,0.2693293,ELEVADO,2025-05-25 14:00:00,4
SP280_SEG048,SP-280,0.2693293,ELEVADO,2025-05-25 14:00:00,4
SP300_SEG008,SP-300,0.24917781,MODERADO,2025-05-25 14:00:00,4
SP280_SEG015,SP-280,0.24917781,MODERADO,2025-05-25 14:00:00,4
SP280_SEG013,SP-280,0.24917781,MODERADO,2025-05-25 14:00:00,4
SP280_SEG014,SP-280,0.24917781,MODERADO,2025-05-25 14:00:00,4
SP300_SEG009,SP-300,0.24917781,MODERADO,2025-05-25 14:00:00,4
SP280_SEG012,SP-280,0.24917781,MODERADO,2025-05-25 14:00:00,4
SP021_SEG019,SP-021,0.23650214,MODERADO,2025-05-25 14:00:00,4
SP021_SEG017,SP-021,0.23650214,MODERADO,2025-05-25 14:00:00,4
SP021_SEG015,SP-021,0.23650214,MODERADO,2025-05-25 14:00:00,4
SP021_SEG013,SP-021,0.23650214,MODERADO,2025-05-25 14:00:00,4
SP021_SEG008,SP-021,0.23650214,MODERADO,2025-05-25 14:00:00,4
SP021_SEG009,SP-021,0.23650214,MODERADO,2025-05-25 14:00:00,4
SP021_SEG016,SP-021,0.23650214,MODERADO,2025-05-25 14:00:00,4
SP021_SEG011,SP-021,0.23650214,MODERADO,2025-05-25 14:00:00,4
SP021_SEG014,SP-021,0.23650214,MODERADO,2025-05-25 14:00:00,4
SP021_SEG012,SP-021,0.23650214,MODERADO,2025-05-25 14:00:00,4
SP021_SEG018,SP-021,0.23650214,MODERADO,2025-05-25 14:00:00,4
SP021_SEG010,SP-021,0.23650214,MODERADO,2025-05-25 14:00:00,4
SP021_SEG022,SP-021,0.2251734,MODERADO,2025-05-25 14:00:00,4
SP021_SEG021,SP-021,0.2251734,MODERADO,2025-05-25 14:00:00,4
SP021_SEG020,SP-021,0.2251734,MODERADO,2025-05-25 14:00:00,4
SP348_SEG001,SP-348,0.2251734,MODERADO,2025-05-25 14:00:00,4
SP021_SEG023,SP-021,0.2251734,MODERADO,2025-05-25 14:00:00,4
SP021_SEG024,SP-021,0.2251734,MODERADO,2025-05-25 14:00:00,4
SP021_SEG025,SP-021,0.2251734,MODERADO,2025-05-25 14:00:00,4
SP021_SEG026,SP-021,0.2251734,MODERADO,2025-05-25 14:00:00,4
SP348_SEG002,SP-348,0.2251734,MODERADO,2025-05-25 14:00:00,4
SP021_SEG027,SP-021,0.2251734,MODERADO,2025-05-25 14:00:00,4
SP330_SEG002,SP-330,0.20572168,MODERADO,2025-05-25 14:00:00,4
SP330_SEG010,SP-330,0.20572168,MODERADO,2025-05-25 14:00:00,4
SP330_SEG009,SP-330,0.20572168,MODERADO,2025-05-25 14:00:00,4
SP330_SEG008,SP-330,0.20572168,MODERADO,2025-05-25 14:00:00,4
SP330_SEG007,SP-330,0.20572168,MODERADO,2025-05-25 14:00:00,4
SP330_SEG006,SP-330,0.20572168,MODERADO,2025-05-25 14:00:00,4
SP330_SEG005,SP-330,0.20572168,MODERADO,2025-05-25 14:00:00,4
SP330_SEG004,SP-330,0.20572168,MODERADO,2025-05-25 14:00:00,4
SP330_SEG003,SP-330,0.20572168,MODERADO,2025-05-25 14:00:00,4
SP300_SEG002,SP-300,0.20572168,MODERADO,2025-05-25 14:00:00,4
SP300_SEG005,SP-300,0.20572168,MODERADO,2025-05-25 14:00:00,4
SP300_SEG006,SP-300,0.20572168,MODERADO,2025-05-25 14:00:00,4
SP300_SEG003,SP-300,0.20572168,MODERADO,2025-05-25 14:00:00,4
SP300_SEG004,SP-300,0.20572168,MODERADO,2025-05-25 14:00:00,4
SP300_SEG001,SP-300,0.20572168,MODERADO,2025-05-25 14:00:00,4
SP300_SEG007,SP-300,0.20572168,MODERADO,2025-05-25 14:00:00,4
SP330_SEG001,SP-330,0.20572168,MODERADO,2025-05-25 14:00:00,4
SP280_SEG004,SP-280,0.20572168,MODERADO,2025-05-25 14:00:00,4
SP280_SEG005,SP-280,0.20572168,MODERADO,2025-05-25 14:00:00,4
SP280_SEG007,SP-280,0.20572168,MODERADO,2025-05-25 14:00:00,4
SP280_SEG006,SP-280,0.20572168,MODERADO,2025-05-25 14:00:00,4
SP280_SEG008,SP-280,0.20572168,MODERADO,2025-05-25 14:00:00,4
SP280_SEG001,SP-280,0.20572168,MODERADO,2025-05-25 14:00:00,4
SP280_SEG003,SP-280,0.20572168,MODERADO,2025-05-25 14:00:00,4
SP280_SEG002,SP-280,0.20572168,MODERADO,2025-05-25 14:00:00,4
SP280_SEG011,SP-280,0.20572168,MODERADO,2025-05-25 14:00:00,4
SP280_SEG010,SP-280,0.20572168,MODERADO,2025-05-25 14:00:00,4
SP280_SEG009,SP-280,0.20572168,MODERADO,2025-05-25 14:00:00,4
SP348_SEG003,SP-348,0.20572168,MODERADO,2025-05-25 14:00:00,4
SP348_SEG006,SP-348,0.20572168,MODERADO,2025-05-25 14:00:00,4
SP348_SEG007,SP-348,0.20572168,MODERADO,2025-05-25 14:00:00,4
SP348_SEG004,SP-348,0.20572168,MODERADO,2025-05-25 14:00:00,4
SP348_SEG005,SP-348,0.20572168,MODERADO,2025-05-25 14:00:00,4
SP348_SEG009,SP-348,0.20572168,MODERADO,2025-05-25 14:00:00,4
SP348_SEG008,SP-348,0.20572168,MODERADO,2025-05-25 14:00:00,4
SP348_SEG010,SP-348,0.20572168,MODERADO,2025-05-25 14:00:00,4
SP021_SEG005,SP-021,0.20572168,MODERADO,2025-05-25 14:00:00,4
SP021_SEG004,SP-021,0.20572168,MODERADO,2025-05-25 14:00:00,4
SP021_SEG003,SP-021,0.20572168,MODERADO,2025-05-25 14:00:00,4
SP021_SEG002,SP-021,0.20572168,MODERADO,2025-05-25 14:00:00,4
SP021_SEG001,SP-021,0.20572168,MODERADO,2025-05-25 14:00:00,4
